Bin	Hit 1	Score 1	Hit 2	Score 2	Hit 3	Score 3	Hit 4	Score 4	Hit 5	Score 5	metric
bin_10_a	T00708: Geobacter lovleyi SZ	0.703545823686	T00521: Geobacter uraniireducens Rf4	0.681582124954	T00846: Geobacter daltonii FRC-32	0.673495670198	T00155: Geobacter sulfurreducens PCA	0.67167115448	T00295: Geobacter metallireducens GS-15	0.671484604558	spearman correlation
bin_10_b	T00749: Geobacter bemidjiensis Bem	109.758660845	T00933: Geobacter sp. M21	111.886577846	T00295: Geobacter metallireducens GS-15	113.626525121	T00708: Geobacter lovleyi SZ	117.179529951	T00846: Geobacter daltonii FRC-32	117.636676748	standardized euclidean dist
bin_11_a	T05067: Candidatus Planktophila limnetica	0.566179826542	T05091: Candidatus Nanopelagicus abundans MMS-IIB-91	0.565989960574	T05319: Candidatus Planktophila vernalis MMS-IIA-15	0.559358143815	T05090: Candidatus Nanopelagicus hibericus MMS-21-160	0.555632706848	T05073: Candidatus Nanopelagicus limnes	0.554808498721	spearman correlation
bin_11_b	T02873: Mycoplasma parvum Indiana	62.2316536993	T01442: Mycoplasma suis KI3806	62.4230744167	T02582: Candidatus Mycoplasma haemominutum 'Birmingham 1'	62.4338274545	T00264: Mycoplasma hyopneumoniae 7448	62.7382212137	T04176: Mycoplasma arginini HAZ145_1	62.7870693924	standardized euclidean dist
bin_12_a	T04336: Bacteroidetes bacterium UKL13-3	0.783477150092	T04064: Hymenobacter sp. DG25A	0.709494393393	T05019: Candidatus Fluviicola riflensis RIFCSPHIGHO2_02_FULL_43_260	0.708123839357	T04326: Rufibacter sp. DG15C	0.706203085095	T03296: Flavobacterium psychrophilum FPG3	0.704019810069	spearman correlation
bin_12_b	T04336: Bacteroidetes bacterium UKL13-3	112.748092747	T03296: Flavobacterium psychrophilum FPG3	115.335211965	T05010: Mucilaginibacter sp. BJC16-A31	115.372607672	T03660: Flavobacterium psychrophilum V4-24	115.672720618	T03659: Flavobacterium psychrophilum V3-5	115.715063461	standardized euclidean dist
bin_13_a	T01569: Nitrosomonas sp. Is79A3	0.720300097929	T04188: Nitrosomonas ureae Nm10	0.711860270616	T01443: Nitrosomonas sp. AL212	0.710871378199	T00130: Nitrosomonas europaea ATCC 19718	0.664067998731	T00393: Nitrosomonas eutropha C91	0.661680652076	spearman correlation
bin_13_b	T02464: Candidatus Kinetoplastibacterium crithidii TCC036E	80.0353376227	T02465: Candidatus Kinetoplastibacterium desouzaii TCC079E	80.4616138675	T02427: Candidatus Kinetoplastibacterium blastocrithidii (ex Strigomonas culicis)	80.4911280106	T02466: Candidatus Kinetoplastibacterium galatii TCC219	80.7050261876	T02471: Candidatus Kinetoplastibacterium oncopeltii TCC290E	80.7364788101	standardized euclidean dist
bin_14_a	T04929: Methylovulum psychrotolerans HV10_M2	0.759950077273	T01511: Methylomonas methanica MC09	0.739528820397	T05118: Methylomonas koyamae LM6	0.7297611285	T04396: Methylomonas sp. DH-1	0.729644344995	T01649: Methylomicrobium alcaliphilum	0.718346768118	spearman correlation
bin_14_b	T03438: Neisseria meningitidis 510612 (serogroup A)	85.2699538105	T05173: Candidatus Nitrosoglobus terrae TAO100	86.1724348258	T04929: Methylovulum psychrotolerans HV10_M2	87.6206427312	T03869: Candidatus Methylopumilus planktonicus (Methylophilaceae bacterium MMS-2-53)	88.0122548619	T02464: Candidatus Kinetoplastibacterium crithidii TCC036E	88.2452547823	standardized euclidean dist
bin_15_a	T03591: Sulfuritalea hydrogenivorans sk43H	0.781071738527	T01657: Dechlorosoma suillum PS	0.683473922623	T02857: Sulfuricella denitrificans skB26	0.681438340247	T00966: Candidatus Accumulibacter phosphatis clade IIA UW-1	0.676473726939	T00259: Dechloromonas aromatica RCB	0.672392222986	spearman correlation
bin_15_b	T03591: Sulfuritalea hydrogenivorans sk43H	109.493225618	T01196: Sideroxydans lithotrophicus ES-1	123.031954296	T02857: Sulfuricella denitrificans skB26	124.641718358	T04530: Endosymbiont of unidentified scaly snail isolate Monju	125.285419474	T01295: Gallionella capsiferriformans ES-2	125.917188496	standardized euclidean dist
bin_16_a	T03072: Draconibacterium orientale FH5T	0.647005492649	T03818: Fermentimonas caenicola	0.644253531184	T05132: Petrimonas sp. IBARAKI	0.643848940045	T02861: Bacteroidales bacterium CF	0.64178516354	T04553: Petrimonas mucosa ING2-E5A	0.640916338826	spearman correlation
bin_16_b	T04172: Salinivirga cyanobacteriivorans L21-Spi-D4 (Bacterium L21-Spi-D4)	105.606637337	T04173: Prevotella enoeca F0113	119.288619141	T04553: Petrimonas mucosa ING2-E5A	119.756498595	T04672: Proteiniphilum saccharofermentans M3/6	120.644365071	T02058: Prevotella intermedia 17	121.314282549	standardized euclidean dist
bin_17_a	T04567: Lacunisphaera limnophila	0.670320420918	T00689: Opitutus terrae PB90-1	0.628814480521	T03830: Verrucomicrobia bacterium IMCC26134	0.614282296781	T03683: Opitutaceae bacterium TAV5	0.574792273872	T01204: Coraliomargarita akajimensis DSM 45221	0.546446128582	spearman correlation
bin_17_b	T04108: Candidatus Xiphinematobacter sp. Idaho Grape	110.753333067	T00689: Opitutus terrae PB90-1	111.201464583	T02464: Candidatus Kinetoplastibacterium crithidii TCC036E	111.251437825	T02446: Blattabacterium sp. (Blatta orientalis) Tarazona	111.423643546	T02465: Candidatus Kinetoplastibacterium desouzaii TCC079E	111.440362808	standardized euclidean dist
bin_18_a	T01800: Phycisphaera mikurensis NBRC 102666	0.612792363726	T01147: Pirellula staleyi DSM 6068	0.582113028283	T01225: Planctopirus limnophila DSM 3776 (Planctomyces limnophilus DSM 3776)	0.58028664061	T05034: Thermogutta terrifontis R1	0.574060794112	T01407: Isosphaera pallida ATCC 43644	0.567237225023	spearman correlation
bin_18_b	T04108: Candidatus Xiphinematobacter sp. Idaho Grape	144.54489022	T01800: Phycisphaera mikurensis NBRC 102666	144.947507739	T02525: Blattabacterium sp. (Panesthia angustipennis spadica) BPAA	145.013631626	T02863: Blattabacterium sp., endocymbiont of Nauphoeta cinerea (gray cockroach)	145.304710627	T02109: Blattabacterium sp. (Blaberus giganteus), endosymbiont of Blaberus giganteus (Central American giant cockroach)	145.396356207	standardized euclidean dist
bin_19_a	T04907: Nitrosospira lacus APG3	0.774548008871	T00302: Nitrosospira multiformis ATCC 25196	0.769565269314	T01569: Nitrosomonas sp. Is79A3	0.753434219572	T04188: Nitrosomonas ureae Nm10	0.750981475839	T01443: Nitrosomonas sp. AL212	0.744458403514	spearman correlation
bin_19_b	T02466: Candidatus Kinetoplastibacterium galatii TCC219	53.2972048002	T02465: Candidatus Kinetoplastibacterium desouzaii TCC079E	53.3707680153	T02471: Candidatus Kinetoplastibacterium oncopeltii TCC290E	53.559470261	T02463: Candidatus Kinetoplastibacterium blastocrithidii TCC012E	53.6217162971	T02464: Candidatus Kinetoplastibacterium crithidii TCC036E	54.0887703141	standardized euclidean dist
bin_1_a	T00878: Gemmatimonas aurantiaca T-27	0.733301870658	T03025: Gemmatirosa kalamazoonesis KBS708	0.708200940506	T04580: Gemmatimonas phototrophica AP64	0.692071464674	T01943: Ignavibacterium album JCM 16511	0.608671764959	T01606: Rhodothermus marinus SG0.5JP17-172	0.593935099933	spearman correlation
bin_1_b	T00878: Gemmatimonas aurantiaca T-27	87.0018106091	T02331: Riemerella anatipestifer RA-CH-1	95.2813957794	T01363: Riemerella anatipestifer ATCC 11845 = DSM 15868	95.543040588	T03296: Flavobacterium psychrophilum FPG3	95.7508929727	T03661: Flavobacterium psychrophilum v4-33	95.7669576289	standardized euclidean dist
bin_20_a	T00736: Akkermansia muciniphila ATCC BAA-835	0.630300704308	T03830: Verrucomicrobia bacterium IMCC26134	0.625673987969	T01204: Coraliomargarita akajimensis DSM 45221	0.616970165236	T04551: Akkermansia glycaniphila APytT	0.60805574118	T04567: Lacunisphaera limnophila	0.574091269857	spearman correlation
bin_20_b	T00736: Akkermansia muciniphila ATCC BAA-835	67.2236055373	T04108: Candidatus Xiphinematobacter sp. Idaho Grape	68.1333759315	T02466: Candidatus Kinetoplastibacterium galatii TCC219	71.0013853875	T02463: Candidatus Kinetoplastibacterium blastocrithidii TCC012E	71.0459106158	T00996: Blattabacterium sp. BPLAN, endosymbiont of Periplaneta americana (American cockroach)	71.1506878571	standardized euclidean dist
bin_21_a	T05319: Candidatus Planktophila vernalis MMS-IIA-15	0.826076263045	T05090: Candidatus Nanopelagicus hibericus MMS-21-160	0.822355729965	T05051: Candidatus Planktophila dulcis	0.822021265395	T05158: Candidatus Planktophila sulfonica MMS-IA-56	0.819001542372	T05073: Candidatus Nanopelagicus limnes	0.818530418911	spearman correlation
bin_21_b	T05158: Candidatus Planktophila sulfonica MMS-IA-56	44.3124286362	T05090: Candidatus Nanopelagicus hibericus MMS-21-160	44.4664180847	T05051: Candidatus Planktophila dulcis	45.3063635971	T05319: Candidatus Planktophila vernalis MMS-IIA-15	45.6977049615	T05067: Candidatus Planktophila limnetica	45.7393438773	standardized euclidean dist
bin_22_a	T01204: Coraliomargarita akajimensis DSM 45221	0.557820169583	T03830: Verrucomicrobia bacterium IMCC26134	0.547453602121	T04567: Lacunisphaera limnophila	0.526780539839	T04354: Planctomyces sp. SH-PL14	0.524636794953	T04360: Pirellula sp. SH-Sr6A	0.521624695347	spearman correlation
bin_22_b	T04108: Candidatus Xiphinematobacter sp. Idaho Grape	93.6347288534	T00736: Akkermansia muciniphila ATCC BAA-835	95.1297639483	T02525: Blattabacterium sp. (Panesthia angustipennis spadica) BPAA	95.2642905106	T03076: Neorickettsia helminthoeca Oregon	95.674521413	T02109: Blattabacterium sp. (Blaberus giganteus), endosymbiont of Blaberus giganteus (Central American giant cockroach)	95.7170347635	standardized euclidean dist
bin_23_a	T03830: Verrucomicrobia bacterium IMCC26134	0.551035600618	T01204: Coraliomargarita akajimensis DSM 45221	0.540061571736	T00736: Akkermansia muciniphila ATCC BAA-835	0.513659253802	T04551: Akkermansia glycaniphila APytT	0.507113228753	T04567: Lacunisphaera limnophila	0.500481627886	spearman correlation
bin_23_b	T02197: Candidatus Carsonella ruddii HC, endosymbiont of Heteropsylla cubana	71.2232095908	T02774: Candidatus Carsonella ruddii DC, endosymbiont of Diaphorina citri (Asian citrus psyllid)	71.4101060865	T00630: Candidatus Sulcia muelleri GWSS	71.7166218809	T03352: Candidatus Sulcia muelleri BGSS	71.7250096757	T01203: Candidatus Sulcia muelleri DMIN	72.2377490531	standardized euclidean dist
bin_24_a	T04120: Limnohabitans sp. 103DPR2	0.64955655227	T04121: Limnohabitans sp. 63ED37-2	0.631703990983	T04207: Polynucleobacter duraquae	0.60070237859	T04455: Hydrogenophaga sp. RAC07	0.582177779011	T02483: Beta proteobacterium CB	0.580672608552	spearman correlation
bin_24_b	T04207: Polynucleobacter duraquae	86.705721302	T00683: Polynucleobacter necessarius subsp. necessarius STIR1	89.4556541843	T02466: Candidatus Kinetoplastibacterium galatii TCC219	89.7931240106	T02463: Candidatus Kinetoplastibacterium blastocrithidii TCC012E	89.9416170023	T02465: Candidatus Kinetoplastibacterium desouzaii TCC079E	89.9735492204	standardized euclidean dist
bin_25_a	T04568: Desulfococcus multivorans DSM 2059	0.656807358504	T02268: Desulfobacula toluolica Tol2	0.650036620327	T00813: Desulfatibacillum alkenivorans AK-01	0.649171459564	T00418: Syntrophobacter fumaroxidans MPOB	0.647382329137	T01413: Desulfobulbus propionicus DSM 2032	0.632426086065	spearman correlation
bin_25_b	T00963: Desulfomicrobium baculatum DSM 4028	111.713327051	T01498: Desulfotomaculum nigrificans CO-1-SRB (Desulfotomaculum carboxydivorans CO-1-SRB)	111.730380958	T04224: Caldimicrobium thiodismutans	111.778804283	T01662: Desulfovibrio africanus Walvis Bay	112.568402497	T00989: Desulfohalobium retbaense DSM 5692	113.057330798	standardized euclidean dist
bin_26_a	T00944: Escherichia coli B REL606	0.978961108255	T04390: Shigella sp. PAMC 28760	0.971686905923	T00931: Escherichia coli BL21(DE3)	0.970955759532	T02096: Escherichia coli BL21(DE3)	0.97084508981	T00939: Escherichia coli BL21-Gold(DE3)pLysS AG	0.954687449128	spearman correlation
bin_26_b	T00944: Escherichia coli B REL606	37.5589985158	T00068: Escherichia coli K-12 W3110	52.653327894	T00007: Escherichia coli K-12 MG1655	53.3807393006	T04390: Shigella sp. PAMC 28760	55.4756112961	T02096: Escherichia coli BL21(DE3)	55.9639729072	standardized euclidean dist
bin_27_a	T01781: Flavobacterium indicum GPTSA100-9	0.778875418441	T01625: Flavobacterium branchiophilum FL-15	0.757683736101	T03296: Flavobacterium psychrophilum FPG3	0.755410889384	T03660: Flavobacterium psychrophilum V4-24	0.752735664968	T03659: Flavobacterium psychrophilum V3-5	0.752511458401	spearman correlation
bin_27_b	T01781: Flavobacterium indicum GPTSA100-9	66.9326517766	T03659: Flavobacterium psychrophilum V3-5	69.9888891275	T03661: Flavobacterium psychrophilum v4-33	69.9903892518	T03660: Flavobacterium psychrophilum V4-24	70.0088302229	T00548: Flavobacterium psychrophilum JIP02/86	70.2781699109	standardized euclidean dist
bin_28_a	T04613: Minicystis rosea DSM 24000	0.581053915674	T03935: Sandaracinus amylolyticus DSM 53668	0.575874169668	T04010: Chondromyces crocatus Cm c5	0.566579230689	T04033: Labilithrix luteola DSM 27648	0.562038221263	T04035: Vulgatibacter incomptus DSM 27710	0.551938858393	spearman correlation
bin_28_b	T05263: Bacteriovorax stolpii DSM 12778	154.581009975	T03660: Flavobacterium psychrophilum V4-24	154.988713134	T03661: Flavobacterium psychrophilum v4-33	155.020994713	T03659: Flavobacterium psychrophilum V3-5	155.021624976	T01441: Weeksella virosa DSM 16922	155.063406539	standardized euclidean dist
bin_29_a	T02359: Cyanobium gracile PCC 6307	0.758344849592	T04888: Cyanobium sp. NIES-981	0.755634808725	T00523: Synechococcus sp. RCC307	0.747323896731	T04859: Synechococcus sp. WH 8103	0.747130618524	T03345: Synechococcus sp. KORDI-49	0.744764742788	spearman correlation
bin_29_b	T04888: Cyanobium sp. NIES-981	91.3630704841	T00523: Synechococcus sp. RCC307	98.1368326164	T04859: Synechococcus sp. WH 8103	98.6688816579	T03783: Synechococcus sp. WH 8109	98.7594948749	T00293: Synechococcus sp. CC9902	98.8094623786	standardized euclidean dist
bin_2_a	T03830: Verrucomicrobia bacterium IMCC26134	0.637227877525	T01204: Coraliomargarita akajimensis DSM 45221	0.6255534886	T03683: Opitutaceae bacterium TAV5	0.611285267354	T00689: Opitutus terrae PB90-1	0.599674957106	T04567: Lacunisphaera limnophila	0.587124426723	spearman correlation
bin_2_b	T01204: Coraliomargarita akajimensis DSM 45221	120.419006709	T04225: Kiritimatiella glycovorans (Verrucomicrobia bacterium L21-Fru-AB)	127.353930404	T04567: Lacunisphaera limnophila	128.55935289	T04108: Candidatus Xiphinematobacter sp. Idaho Grape	128.687646863	T00736: Akkermansia muciniphila ATCC BAA-835	129.686141474	standardized euclidean dist
bin_30_a	T01196: Sideroxydans lithotrophicus ES-1	0.804414721761	T01295: Gallionella capsiferriformans ES-2	0.77798700059	T02857: Sulfuricella denitrificans skB26	0.756090967042	T00275: Thiobacillus denitrificans ATCC 25259	0.727466296571	T00942: Methylotenera mobilis JLW8	0.70065671986	spearman correlation
bin_30_b	T01196: Sideroxydans lithotrophicus ES-1	54.3326502222	T01295: Gallionella capsiferriformans ES-2	59.5223437316	T00438: Candidatus Ruthia magnifica Cm, endosymbiont of Calyptogena magnifica (hydrothermal vent clam)	63.0474311504	T00530: Candidatus Vesicomyosocius okutanii HA, endosymbiont of Calyptogena okutanii (deep-sea clam)	63.1601427677	T04606: Endosymbiont of Bathymodiolus septemdierum Myojin knoll	63.2791379325	standardized euclidean dist
bin_31_a	T01800: Phycisphaera mikurensis NBRC 102666	0.580153234454	T01225: Planctopirus limnophila DSM 3776 (Planctomyces limnophilus DSM 3776)	0.576656616541	T04360: Pirellula sp. SH-Sr6A	0.551083975754	T04354: Planctomyces sp. SH-PL14	0.551067884918	T01147: Pirellula staleyi DSM 6068	0.550966474703	spearman correlation
bin_31_b	T02863: Blattabacterium sp., endocymbiont of Nauphoeta cinerea (gray cockroach)	101.706045638	T02109: Blattabacterium sp. (Blaberus giganteus), endosymbiont of Blaberus giganteus (Central American giant cockroach)	101.850699704	T00996: Blattabacterium sp. BPLAN, endosymbiont of Periplaneta americana (American cockroach)	101.858581134	T02446: Blattabacterium sp. (Blatta orientalis) Tarazona	101.916700218	T01660: Blattabacterium sp. Cpu, endosymbiont of Cryptocercus punctulatus (brown-hooded cockroach)	101.943624262	standardized euclidean dist
bin_32_a	T05019: Candidatus Fluviicola riflensis RIFCSPHIGHO2_02_FULL_43_260	0.832269281506	T01455: Fluviicola taffensis DSM 16823	0.825824071185	T04336: Bacteroidetes bacterium UKL13-3	0.775604873599	T01781: Flavobacterium indicum GPTSA100-9	0.769213863157	T03296: Flavobacterium psychrophilum FPG3	0.764348210419	spearman correlation
bin_32_b	T03296: Flavobacterium psychrophilum FPG3	59.6488966191	T03660: Flavobacterium psychrophilum V4-24	59.6907388404	T03659: Flavobacterium psychrophilum V3-5	59.77953439	T03661: Flavobacterium psychrophilum v4-33	59.853509856	T05019: Candidatus Fluviicola riflensis RIFCSPHIGHO2_02_FULL_43_260	60.0268885323	standardized euclidean dist
bin_33_a	T04121: Limnohabitans sp. 63ED37-2	0.604090580402	T04120: Limnohabitans sp. 103DPR2	0.592261544815	T04207: Polynucleobacter duraquae	0.569512932976	T02483: Beta proteobacterium CB	0.568779815801	T03614: Comamonadaceae bacterium A1	0.565898534741	spearman correlation
bin_33_b	T02466: Candidatus Kinetoplastibacterium galatii TCC219	72.057279657	T02465: Candidatus Kinetoplastibacterium desouzaii TCC079E	72.1664828265	T02471: Candidatus Kinetoplastibacterium oncopeltii TCC290E	72.2437348392	T02463: Candidatus Kinetoplastibacterium blastocrithidii TCC012E	72.2905790364	T02464: Candidatus Kinetoplastibacterium crithidii TCC036E	72.861379275	standardized euclidean dist
bin_34_a	T00708: Geobacter lovleyi SZ	0.705733114183	T00521: Geobacter uraniireducens Rf4	0.685615246176	T00295: Geobacter metallireducens GS-15	0.675198099336	T00155: Geobacter sulfurreducens PCA	0.674049351865	T00846: Geobacter daltonii FRC-32	0.673877458651	spearman correlation
bin_34_b	T00749: Geobacter bemidjiensis Bem	119.204202289	T03568: Geobacter pickeringii G13	119.309020978	T00155: Geobacter sulfurreducens PCA	119.430153589	T00708: Geobacter lovleyi SZ	120.523312679	T03585: Geoalkalibacter subterraneus Red1	120.852252209	standardized euclidean dist
bin_35_a	T04336: Bacteroidetes bacterium UKL13-3	0.641188142342	T04392: Flavisolibacter tropicus LCS9	0.63095469353	T03682: Niabella soli DSM 19437	0.619423152973	T04064: Hymenobacter sp. DG25A	0.611719890645	T01781: Flavobacterium indicum GPTSA100-9	0.607779600648	spearman correlation
bin_35_b	T01958: Lactobacillus fermentum CECT 5716	80.5178255286	T02525: Blattabacterium sp. (Panesthia angustipennis spadica) BPAA	81.47049453	T02109: Blattabacterium sp. (Blaberus giganteus), endosymbiont of Blaberus giganteus (Central American giant cockroach)	81.9471477521	T00996: Blattabacterium sp. BPLAN, endosymbiont of Periplaneta americana (American cockroach)	82.0271000536	T02446: Blattabacterium sp. (Blatta orientalis) Tarazona	82.060485467	standardized euclidean dist
bin_36_a	T00326: Anaeromyxobacter dehalogenans 2CP-C	0.514485209656	T00878: Gemmatimonas aurantiaca T-27	0.508319654346	T00833: Anaeromyxobacter dehalogenans 2CP-1	0.506600748952	T00748: Anaeromyxobacter sp. K	0.506101158158	T00559: Anaeromyxobacter sp. Fw109-5	0.505054031866	spearman correlation
bin_36_b	T02156: Streptococcus intermedius JTH08	118.55107218	T01958: Lactobacillus fermentum CECT 5716	118.603317357	T02525: Blattabacterium sp. (Panesthia angustipennis spadica) BPAA	119.234173415	T02898: Anaplasma marginale Dawn	119.330346673	T00996: Blattabacterium sp. BPLAN, endosymbiont of Periplaneta americana (American cockroach)	119.445480851	standardized euclidean dist
bin_37_a	T04120: Limnohabitans sp. 103DPR2	0.649511276435	T04227: Paucibacter sp. KCTC 42545	0.62989440966	T04121: Limnohabitans sp. 63ED37-2	0.619043419678	T04455: Hydrogenophaga sp. RAC07	0.60870075982	T04505: Hydrogenophaga sp. LPB0072	0.60435650373	spearman correlation
bin_37_b	T00683: Polynucleobacter necessarius subsp. necessarius STIR1	111.28113694	T02483: Beta proteobacterium CB	111.339680232	T02466: Candidatus Kinetoplastibacterium galatii TCC219	112.900791658	T02464: Candidatus Kinetoplastibacterium crithidii TCC036E	112.924917156	T02463: Candidatus Kinetoplastibacterium blastocrithidii TCC012E	113.069492889	standardized euclidean dist
bin_38_a	T04225: Kiritimatiella glycovorans (Verrucomicrobia bacterium L21-Fru-AB)	0.496664564044	T04749: Phycisphaerae bacterium SM-Chi-D1	0.483057352912	T04695: Phycisphaerae bacterium L21-RPul-D3	0.479104973647	T03830: Verrucomicrobia bacterium IMCC26134	0.433794029869	T04551: Akkermansia glycaniphila APytT	0.431480105967	spearman correlation
bin_38_b	T00403: Candidatus Carsonella ruddii PV, endosymbiont of Pachypsylla venusta (hackberry petiole gall psyllid)	112.511430111	T02908: Candidatus Tremblaya phenacola PAVE	112.855598431	T02196: Candidatus Carsonella ruddii HT, endosymbiont of Heteropsylla texana	113.015825442	T04488: Candidatus Campbellbacteria bacterium GW2011_OD1_34_28	113.015868277	T04176: Mycoplasma arginini HAZ145_1	113.07331434	standardized euclidean dist
bin_39_a	T04172: Salinivirga cyanobacteriivorans L21-Spi-D4 (Bacterium L21-Spi-D4)	0.67684725338	T04336: Bacteroidetes bacterium UKL13-3	0.656605157323	T02861: Bacteroidales bacterium CF	0.643500504449	T03660: Flavobacterium psychrophilum V4-24	0.629845915639	T03659: Flavobacterium psychrophilum V3-5	0.629513099592	spearman correlation
bin_39_b	T04172: Salinivirga cyanobacteriivorans L21-Spi-D4 (Bacterium L21-Spi-D4)	123.482276043	T03660: Flavobacterium psychrophilum V4-24	134.963811553	T03661: Flavobacterium psychrophilum v4-33	134.984558705	T03659: Flavobacterium psychrophilum V3-5	134.986859484	T04173: Prevotella enoeca F0113	135.015776017	standardized euclidean dist
bin_3_a	T01491: Haliscomenobacter hydrossis DSM 1100	0.701389254218	T04336: Bacteroidetes bacterium UKL13-3	0.687871510165	T04392: Flavisolibacter tropicus LCS9	0.674625417641	T02272: Emticicia oligotrophica DSM 17448	0.673786649977	T04064: Hymenobacter sp. DG25A	0.673046232682	spearman correlation
bin_3_b	T03660: Flavobacterium psychrophilum V4-24	90.2982662126	T03659: Flavobacterium psychrophilum V3-5	90.3721244587	T03661: Flavobacterium psychrophilum v4-33	90.4210749183	T03412: Flavobacterium psychrophilum 950106-1/1	90.6647884337	T03296: Flavobacterium psychrophilum FPG3	90.6856777407	standardized euclidean dist
bin_40_a	T04817: Magnetospirillum sp. ME-1	0.75854439639	T00305: Magnetospirillum magneticum AMB-1	0.75350213532	T04231: Magnetospirillum sp. XM-1	0.74318069565	T02960: Magnetospirillum gryphiswaldense MSR-1 v2	0.66917659838	T03795: Magnetospira sp. QH-2	0.60472973279	spearman correlation
bin_40_b	T00305: Magnetospirillum magneticum AMB-1	85.9160830608	T04817: Magnetospirillum sp. ME-1	103.459473087	T04231: Magnetospirillum sp. XM-1	104.095896553	T00345: Rhodopseudomonas palustris BisB5	111.81549946	T00329: Neorickettsia sennetsu Miyayama	112.25627085	standardized euclidean dist
bin_41_a	T04396: Methylomonas sp. DH-1	0.662028726877	T05118: Methylomonas koyamae LM6	0.660907251186	T04191: Methylomonas denitrificans FJG1	0.657611685808	T01511: Methylomonas methanica MC09	0.64657827418	T04929: Methylovulum psychrotolerans HV10_M2	0.645434633838	spearman correlation
bin_41_b	T03438: Neisseria meningitidis 510612 (serogroup A)	91.1096106966	T02466: Candidatus Kinetoplastibacterium galatii TCC219	91.1606213496	T02464: Candidatus Kinetoplastibacterium crithidii TCC036E	91.3020503526	T02463: Candidatus Kinetoplastibacterium blastocrithidii TCC012E	91.3694716522	T02465: Candidatus Kinetoplastibacterium desouzaii TCC079E	91.4167006015	standardized euclidean dist
bin_42_a	T03830: Verrucomicrobia bacterium IMCC26134	0.578574973621	T04567: Lacunisphaera limnophila	0.575087973168	T04360: Pirellula sp. SH-Sr6A	0.571859950609	T01204: Coraliomargarita akajimensis DSM 45221	0.57050700574	T00689: Opitutus terrae PB90-1	0.558901214588	spearman correlation
bin_42_b	T04108: Candidatus Xiphinematobacter sp. Idaho Grape	87.2490182957	T02427: Candidatus Kinetoplastibacterium blastocrithidii (ex Strigomonas culicis)	89.16164094	T02466: Candidatus Kinetoplastibacterium galatii TCC219	89.3823023543	T02463: Candidatus Kinetoplastibacterium blastocrithidii TCC012E	89.4976772962	T02465: Candidatus Kinetoplastibacterium desouzaii TCC079E	89.5182271803	standardized euclidean dist
bin_43_a	T01465: Candidatus Pelagibacter sp. IMCC9063	0.704171335498	T00257: Candidatus Pelagibacter ubique HTCC1062	0.65180288533	T02250: Alpha proteobacterium HIMB5	0.645749191934	T02249: Alpha proteobacterium HIMB59	0.566699367841	T02365: Candidatus Endolissoclinum faulkneri L2	0.551426638867	spearman correlation
bin_43_b	T03834: Candidatus Portiera aleyrodidarum MED (Bemisia tabaci)	57.1222066209	T00938: Candidatus Hodgkinia cicadicola Dsem	57.1784937805	T02212: Wolbachia wOo, endosymbiont of Onchocerca ochengi	57.5769596487	T03352: Candidatus Sulcia muelleri BGSS	57.6387581286	T01666: Mycoplasma haemocanis Illinois	57.6397636138	standardized euclidean dist
bin_44_a	T01800: Phycisphaera mikurensis NBRC 102666	0.484822505198	T04336: Bacteroidetes bacterium UKL13-3	0.47325501941	T04326: Rufibacter sp. DG15C	0.458136411429	T04064: Hymenobacter sp. DG25A	0.457235919645	T00385: Cytophaga hutchinsonii ATCC 33406	0.456695555139	spearman correlation
bin_44_b	T02863: Blattabacterium sp., endocymbiont of Nauphoeta cinerea (gray cockroach)	80.3145071356	T00996: Blattabacterium sp. BPLAN, endosymbiont of Periplaneta americana (American cockroach)	80.3187796502	T02109: Blattabacterium sp. (Blaberus giganteus), endosymbiont of Blaberus giganteus (Central American giant cockroach)	80.3806435406	T02446: Blattabacterium sp. (Blatta orientalis) Tarazona	80.3924722669	T01660: Blattabacterium sp. Cpu, endosymbiont of Cryptocercus punctulatus (brown-hooded cockroach)	80.4355070692	standardized euclidean dist
bin_45_a	T05090: Candidatus Nanopelagicus hibericus MMS-21-160	0.834565205666	T05073: Candidatus Nanopelagicus limnes	0.830571324016	T05091: Candidatus Nanopelagicus abundans MMS-IIB-91	0.802818785764	T05158: Candidatus Planktophila sulfonica MMS-IA-56	0.770574610307	T05051: Candidatus Planktophila dulcis	0.766231461859	spearman correlation
bin_45_b	T05090: Candidatus Nanopelagicus hibericus MMS-21-160	70.1181332537	T05073: Candidatus Nanopelagicus limnes	70.9196990105	T01958: Lactobacillus fermentum CECT 5716	72.4936487602	T05158: Candidatus Planktophila sulfonica MMS-IA-56	72.7567783564	T05051: Candidatus Planktophila dulcis	73.228140359	standardized euclidean dist
bin_46_a	T04336: Bacteroidetes bacterium UKL13-3	0.759758962756	T03660: Flavobacterium psychrophilum V4-24	0.712290783341	T03296: Flavobacterium psychrophilum FPG3	0.712108393904	T03659: Flavobacterium psychrophilum V3-5	0.710772718891	T03661: Flavobacterium psychrophilum v4-33	0.709113091618	spearman correlation
bin_46_b	T03296: Flavobacterium psychrophilum FPG3	64.0494064152	T03660: Flavobacterium psychrophilum V4-24	64.1875736843	T04336: Bacteroidetes bacterium UKL13-3	64.2275891321	T03659: Flavobacterium psychrophilum V3-5	64.2914349945	T03661: Flavobacterium psychrophilum v4-33	64.3602247033	standardized euclidean dist
bin_47_a	T01410: Anaerolinea thermophila UNI-1	0.603957237159	T01797: Caldilinea aerophila DSM 14535 = NBRC 104270	0.530936255245	T00585: Roseiflexus castenholzii DSM 13941	0.522206624873	T00542: Roseiflexus sp. RS-1	0.519717029986	T04881: Brevefilum fermentans	0.518136195055	spearman correlation
bin_47_b	T00996: Blattabacterium sp. BPLAN, endosymbiont of Periplaneta americana (American cockroach)	104.281957527	T02446: Blattabacterium sp. (Blatta orientalis) Tarazona	104.318703242	T02863: Blattabacterium sp., endocymbiont of Nauphoeta cinerea (gray cockroach)	104.323037799	T02109: Blattabacterium sp. (Blaberus giganteus), endosymbiont of Blaberus giganteus (Central American giant cockroach)	104.368808145	T02210: Mycoplasma genitalium M6282	104.446774934	standardized euclidean dist
bin_48_a	T04172: Salinivirga cyanobacteriivorans L21-Spi-D4 (Bacterium L21-Spi-D4)	0.59842434487	T04235: Lutibacter profundi LP1	0.578046800297	T02084: Solitalea canadensis DSM 3403	0.566959640736	T03296: Flavobacterium psychrophilum FPG3	0.556487728997	T03682: Niabella soli DSM 19437	0.554902243329	spearman correlation
bin_48_b	T04172: Salinivirga cyanobacteriivorans L21-Spi-D4 (Bacterium L21-Spi-D4)	105.045170629	T01582: Capnocytophaga canimorsus Cc5	114.26467797	T00792: Candidatus Azobacteroides pseudotrichonymphae genomovar. CFP2, endosymbiont of Coptotermes formosanus (Formosan subterranean termite)	114.331342516	T02109: Blattabacterium sp. (Blaberus giganteus), endosymbiont of Blaberus giganteus (Central American giant cockroach)	114.696557356	T00996: Blattabacterium sp. BPLAN, endosymbiont of Periplaneta americana (American cockroach)	114.699948673	standardized euclidean dist
bin_49_a	T03869: Candidatus Methylopumilus planktonicus (Methylophilaceae bacterium MMS-2-53)	0.744615913432	T03844: Candidatus Methylopumilus turicensis (Methylophilaceae bacterium MMS-10A-171)	0.681019113226	T00942: Methylotenera mobilis JLW8	0.613706701357	T01361: Methylovorus sp. MP688	0.594623201643	T00943: Methylovorus glucosetrophus SIP3-4	0.592697038628	spearman correlation
bin_49_b	T03869: Candidatus Methylopumilus planktonicus (Methylophilaceae bacterium MMS-2-53)	78.0547951426	T03595: Candidatus Hodgkinia cicadicola TETUND1	80.8025184455	T02898: Anaplasma marginale Dawn	81.7611074801	T03596: Candidatus Hodgkinia cicadicola TETUND2	82.0834231497	T01563: Candidatus Tremblaya princeps PCIT	82.2354046092	standardized euclidean dist
bin_4_a	T00334: Rhodoferax ferrireducens T118 (DSM 15236)	0.649396576408	T04120: Limnohabitans sp. 103DPR2	0.646018668962	T04121: Limnohabitans sp. 63ED37-2	0.620031450315	T03614: Comamonadaceae bacterium A1	0.61939572562	T04227: Paucibacter sp. KCTC 42545	0.617307389076	spearman correlation
bin_4_b	T00683: Polynucleobacter necessarius subsp. necessarius STIR1	106.549488041	T02466: Candidatus Kinetoplastibacterium galatii TCC219	107.881743738	T03627: Comamonadaceae bacterium B1	107.913788107	T02463: Candidatus Kinetoplastibacterium blastocrithidii TCC012E	107.943884338	T02483: Beta proteobacterium CB	108.154074941	standardized euclidean dist
bin_50_a	T04336: Bacteroidetes bacterium UKL13-3	0.718828920854	T04064: Hymenobacter sp. DG25A	0.643946417809	T01781: Flavobacterium indicum GPTSA100-9	0.641373905681	T01455: Fluviicola taffensis DSM 16823	0.639906451851	T03660: Flavobacterium psychrophilum V4-24	0.639721924896	spearman correlation
bin_50_b	T02525: Blattabacterium sp. (Panesthia angustipennis spadica) BPAA	61.2370023571	T01660: Blattabacterium sp. Cpu, endosymbiont of Cryptocercus punctulatus (brown-hooded cockroach)	61.3601506735	T00730: Candidatus Amoebophilus asiaticus 5a2	61.56373124	T02446: Blattabacterium sp. (Blatta orientalis) Tarazona	61.6612090214	T00996: Blattabacterium sp. BPLAN, endosymbiont of Periplaneta americana (American cockroach)	61.8249268545	standardized euclidean dist
bin_51_a	T05250: Candidatus Planktophila versatilis MMS-IA-79	0.853156941532	T05051: Candidatus Planktophila dulcis	0.837552387393	T05158: Candidatus Planktophila sulfonica MMS-IA-56	0.836994325707	T05090: Candidatus Nanopelagicus hibericus MMS-21-160	0.830535393559	T05067: Candidatus Planktophila limnetica	0.824444729188	spearman correlation
bin_51_b	T05250: Candidatus Planktophila versatilis MMS-IA-79	58.9088717377	T05158: Candidatus Planktophila sulfonica MMS-IA-56	60.1631421997	T05051: Candidatus Planktophila dulcis	60.7867496494	T05090: Candidatus Nanopelagicus hibericus MMS-21-160	60.8253665342	T05067: Candidatus Planktophila limnetica	61.0214514201	standardized euclidean dist
bin_52_a	T00647: Microcystis aeruginosa NIES-843	0.89886127676	T04037: Microcystis panniformis FACHB-1757	0.871461631189	T04168: Geminocystis sp. NIES-3708	0.805986867787	T03386: Synechocystis sp. PCC 6714	0.804526083613	T02468: Synechocystis sp. PCC 6803	0.803969774976	spearman correlation
bin_52_b	T00647: Microcystis aeruginosa NIES-843	97.8815586277	T00968: Cyanothece sp. PCC 8802	101.781209633	T00806: Cyanothece sp. PCC 8801	102.819542824	T00686: Cyanothece sp. ATCC 51142	105.31285848	T02373: Crinalium epipsammum PCC 9333	106.174780073	standardized euclidean dist
bin_53_a	T03869: Candidatus Methylopumilus planktonicus (Methylophilaceae bacterium MMS-2-53)	0.751105471067	T03844: Candidatus Methylopumilus turicensis (Methylophilaceae bacterium MMS-10A-171)	0.683503952801	T00942: Methylotenera mobilis JLW8	0.607201222844	T00683: Polynucleobacter necessarius subsp. necessarius STIR1	0.593764234606	T01361: Methylovorus sp. MP688	0.588929509647	spearman correlation
bin_53_b	T01958: Lactobacillus fermentum CECT 5716	71.0085397202	T03869: Candidatus Methylopumilus planktonicus (Methylophilaceae bacterium MMS-2-53)	82.9423386177	T01962: Lactobacillus salivarius CECT 5713	83.223840708	T03595: Candidatus Hodgkinia cicadicola TETUND1	84.7257098592	T02464: Candidatus Kinetoplastibacterium crithidii TCC036E	86.0083205584	standardized euclidean dist
bin_54_a	T04457: Candidate division TM6 bacterium GW2011_GWF2_28_16	0.669490164684	T03502: Candidatus Saccharibacteria oral taxon TM7x	0.647556816373	T03992: Berkelbacteria bacterium GW2011_GWE1_39_12	0.641064233908	T04023: Candidatus Wolfebacteria bacterium GW2011_GWB1_47_1	0.640589618942	T02947: Candidate division WWE3 bacterium RAAC2_WWE3_1	0.639471557619	spearman correlation
bin_54_b	T03502: Candidatus Saccharibacteria oral taxon TM7x	58.8351394292	T02947: Candidate division WWE3 bacterium RAAC2_WWE3_1	60.2337245502	T04457: Candidate division TM6 bacterium GW2011_GWF2_28_16	60.5607519464	T04488: Candidatus Campbellbacteria bacterium GW2011_OD1_34_28	61.2206962084	T04605: Candidatus Saccharibacteria bacterium GW2011_GWC2_44_17	61.6436889542	standardized euclidean dist
bin_55_a	T01225: Planctopirus limnophila DSM 3776 (Planctomyces limnophilus DSM 3776)	0.774087660457	T04354: Planctomyces sp. SH-PL14	0.733051457345	T04678: Fuerstia marisgermanicae NH11	0.703374899661	T01431: Rubinisphaera brasiliensis DSM 5305 (Planctomyces brasiliensis DSM 5305)	0.693402631123	T01147: Pirellula staleyi DSM 6068	0.686938273747	spearman correlation
bin_55_b	T01225: Planctopirus limnophila DSM 3776 (Planctomyces limnophilus DSM 3776)	90.2531154695	T01147: Pirellula staleyi DSM 6068	111.468623253	T04354: Planctomyces sp. SH-PL14	113.477765983	T01407: Isosphaera pallida ATCC 43644	120.066523882	T05034: Thermogutta terrifontis R1	120.441295228	standardized euclidean dist
bin_56_a	T04172: Salinivirga cyanobacteriivorans L21-Spi-D4 (Bacterium L21-Spi-D4)	0.655569020944	T02861: Bacteroidales bacterium CF	0.629201079141	T04336: Bacteroidetes bacterium UKL13-3	0.628546311928	T03205: Mucinivorans hirudinis	0.609832879255	T02133: Alistipes finegoldii DSM 17242	0.606909077151	spearman correlation
bin_56_b	T04172: Salinivirga cyanobacteriivorans L21-Spi-D4 (Bacterium L21-Spi-D4)	97.4148319898	T02861: Bacteroidales bacterium CF	109.192188358	T04173: Prevotella enoeca F0113	110.417182074	T02058: Prevotella intermedia 17	110.531024369	T00792: Candidatus Azobacteroides pseudotrichonymphae genomovar. CFP2, endosymbiont of Coptotermes formosanus (Formosan subterranean termite)	110.55389162	standardized euclidean dist
bin_57_a	T00689: Opitutus terrae PB90-1	0.637421230891	T05034: Thermogutta terrifontis R1	0.609079124797	T03830: Verrucomicrobia bacterium IMCC26134	0.603173558467	T03683: Opitutaceae bacterium TAV5	0.593457242091	T04567: Lacunisphaera limnophila	0.59187738447	spearman correlation
bin_57_b	T00736: Akkermansia muciniphila ATCC BAA-835	101.27352236	T04108: Candidatus Xiphinematobacter sp. Idaho Grape	103.68068682	T02427: Candidatus Kinetoplastibacterium blastocrithidii (ex Strigomonas culicis)	105.571892018	T02465: Candidatus Kinetoplastibacterium desouzaii TCC079E	105.797738707	T02466: Candidatus Kinetoplastibacterium galatii TCC219	105.880652434	standardized euclidean dist
bin_58_a	T04929: Methylovulum psychrotolerans HV10_M2	0.635741968708	T01511: Methylomonas methanica MC09	0.611427696688	T01649: Methylomicrobium alcaliphilum	0.606794297141	T05118: Methylomonas koyamae LM6	0.606494620172	T04396: Methylomonas sp. DH-1	0.604497660712	spearman correlation
bin_58_b	T02466: Candidatus Kinetoplastibacterium galatii TCC219	101.225012777	T02464: Candidatus Kinetoplastibacterium crithidii TCC036E	101.30812612	T02463: Candidatus Kinetoplastibacterium blastocrithidii TCC012E	101.339253039	T02471: Candidatus Kinetoplastibacterium oncopeltii TCC290E	101.360783136	T02427: Candidatus Kinetoplastibacterium blastocrithidii (ex Strigomonas culicis)	101.541918838	standardized euclidean dist
bin_59_a	T01196: Sideroxydans lithotrophicus ES-1	0.77682970196	T01295: Gallionella capsiferriformans ES-2	0.769996438394	T02857: Sulfuricella denitrificans skB26	0.754362547401	T00275: Thiobacillus denitrificans ATCC 25259	0.720499466884	T05241: Sulfuricaulis limicola HA5	0.711698981995	spearman correlation
bin_59_b	T01196: Sideroxydans lithotrophicus ES-1	59.0454911277	T01295: Gallionella capsiferriformans ES-2	64.1916841732	T03869: Candidatus Methylopumilus planktonicus (Methylophilaceae bacterium MMS-2-53)	67.741288027	T00683: Polynucleobacter necessarius subsp. necessarius STIR1	68.0909104873	T04606: Endosymbiont of Bathymodiolus septemdierum Myojin knoll	68.5561388502	standardized euclidean dist
bin_5_a	T04358: Gemmata sp. SH-PL17	0.690990435389	T01407: Isosphaera pallida ATCC 43644	0.689029227115	T04354: Planctomyces sp. SH-PL14	0.657434036223	T01225: Planctopirus limnophila DSM 3776 (Planctomyces limnophilus DSM 3776)	0.655975344352	T04360: Pirellula sp. SH-Sr6A	0.655618970963	spearman correlation
bin_5_b	T01407: Isosphaera pallida ATCC 43644	87.7742887263	T01147: Pirellula staleyi DSM 6068	88.3171646658	T04108: Candidatus Xiphinematobacter sp. Idaho Grape	91.3438906008	T04354: Planctomyces sp. SH-PL14	91.8904381501	T02466: Candidatus Kinetoplastibacterium galatii TCC219	92.8874238062	standardized euclidean dist
bin_60_a	T04336: Bacteroidetes bacterium UKL13-3	0.644377875435	T04064: Hymenobacter sp. DG25A	0.591995488879	T05019: Candidatus Fluviicola riflensis RIFCSPHIGHO2_02_FULL_43_260	0.587710013392	T01455: Fluviicola taffensis DSM 16823	0.582740500485	T01677: Owenweeksia hongkongensis DSM 17368	0.581749618779	spearman correlation
bin_60_b	T01660: Blattabacterium sp. Cpu, endosymbiont of Cryptocercus punctulatus (brown-hooded cockroach)	85.7103031527	T02863: Blattabacterium sp., endocymbiont of Nauphoeta cinerea (gray cockroach)	85.8991997149	T02109: Blattabacterium sp. (Blaberus giganteus), endosymbiont of Blaberus giganteus (Central American giant cockroach)	85.97509646	T00996: Blattabacterium sp. BPLAN, endosymbiont of Periplaneta americana (American cockroach)	86.0122215517	T04336: Bacteroidetes bacterium UKL13-3	86.0370554681	standardized euclidean dist
bin_61_a	T03963: Actinobacteria bacterium IMCC26256	0.74739174471	T02501: Ilumatobacter coccineus YM16-304	0.745756655922	T05067: Candidatus Planktophila limnetica	0.623770513576	T05158: Candidatus Planktophila sulfonica MMS-IA-56	0.618580945126	T05319: Candidatus Planktophila vernalis MMS-IIA-15	0.615283699142	spearman correlation
bin_61_b	T03963: Actinobacteria bacterium IMCC26256	110.111714546	T02501: Ilumatobacter coccineus YM16-304	112.159622162	T00842: Mycobacterium leprae Br4923	116.558826011	T05067: Candidatus Planktophila limnetica	116.686993606	T00047: Mycobacterium leprae TN	116.729744138	standardized euclidean dist
bin_62_a	T04929: Methylovulum psychrotolerans HV10_M2	0.805046910606	T01511: Methylomonas methanica MC09	0.767602673604	T04396: Methylomonas sp. DH-1	0.757984185583	T05118: Methylomonas koyamae LM6	0.757742958579	T04191: Methylomonas denitrificans FJG1	0.744180165936	spearman correlation
bin_62_b	T04929: Methylovulum psychrotolerans HV10_M2	75.6851330269	T05173: Candidatus Nitrosoglobus terrae TAO100	84.3702275044	T03844: Candidatus Methylopumilus turicensis (Methylophilaceae bacterium MMS-10A-171)	84.5107756688	T04396: Methylomonas sp. DH-1	85.6920383106	T03869: Candidatus Methylopumilus planktonicus (Methylophilaceae bacterium MMS-2-53)	85.7397286209	standardized euclidean dist
bin_63_a	T01295: Gallionella capsiferriformans ES-2	0.779336731088	T01196: Sideroxydans lithotrophicus ES-1	0.769692588466	T02857: Sulfuricella denitrificans skB26	0.752487256149	T01569: Nitrosomonas sp. Is79A3	0.751548195682	T04188: Nitrosomonas ureae Nm10	0.743916673858	spearman correlation
bin_63_b	T03869: Candidatus Methylopumilus planktonicus (Methylophilaceae bacterium MMS-2-53)	65.2663896808	T02466: Candidatus Kinetoplastibacterium galatii TCC219	65.5285025598	T02465: Candidatus Kinetoplastibacterium desouzaii TCC079E	65.7700677462	T02463: Candidatus Kinetoplastibacterium blastocrithidii TCC012E	65.8795353855	T00683: Polynucleobacter necessarius subsp. necessarius STIR1	65.9041224981	standardized euclidean dist
bin_64_a	T04225: Kiritimatiella glycovorans (Verrucomicrobia bacterium L21-Fru-AB)	0.639009730885	T04749: Phycisphaerae bacterium SM-Chi-D1	0.631207825444	T04695: Phycisphaerae bacterium L21-RPul-D3	0.620630710196	T03205: Mucinivorans hirudinis	0.543109264187	T03830: Verrucomicrobia bacterium IMCC26134	0.53994411383	spearman correlation
bin_64_b	T04695: Phycisphaerae bacterium L21-RPul-D3	123.536618663	T04497: Lutibacter sp. LPB0138	125.865221384	T05087: Candidatus Endomicrobium trichonymphae Rs-D17	126.124413752	T00755: Uncultured Termite group 1 bacterium phylotype Rs-D17	126.175521898	T04749: Phycisphaerae bacterium SM-Chi-D1	126.638138297	standardized euclidean dist
bin_65_a	T05051: Candidatus Planktophila dulcis	0.829111269912	T05073: Candidatus Nanopelagicus limnes	0.828379762007	T05158: Candidatus Planktophila sulfonica MMS-IA-56	0.825566531626	T05250: Candidatus Planktophila versatilis MMS-IA-79	0.81831899883	T05050: Candidatus Planktophila lacus	0.815051051382	spearman correlation
bin_65_b	T05073: Candidatus Nanopelagicus limnes	68.8840912132	T05051: Candidatus Planktophila dulcis	69.83862044	T05158: Candidatus Planktophila sulfonica MMS-IA-56	70.0876552057	T05250: Candidatus Planktophila versatilis MMS-IA-79	70.9267733014	T05090: Candidatus Nanopelagicus hibericus MMS-21-160	70.9629871528	standardized euclidean dist
bin_66_a	T04207: Polynucleobacter duraquae	0.783885688941	T02483: Beta proteobacterium CB	0.737609547032	T00683: Polynucleobacter necessarius subsp. necessarius STIR1	0.711593788491	T00502: Polynucleobacter asymbioticus QLW-P1DMWA-1 (Polynucleobacter sp. QLW-P1DMWA-1) (Polynucleobacter necessarius subsp. asymbioticus QLW-P1DMWA-1)	0.709784407455	T04120: Limnohabitans sp. 103DPR2	0.676515097933	spearman correlation
bin_66_b	T04207: Polynucleobacter duraquae	57.9262913458	T00683: Polynucleobacter necessarius subsp. necessarius STIR1	65.2769600003	T02483: Beta proteobacterium CB	65.3593868491	T02465: Candidatus Kinetoplastibacterium desouzaii TCC079E	67.3844864291	T02466: Candidatus Kinetoplastibacterium galatii TCC219	67.510056171	standardized euclidean dist
bin_67_a	T01943: Ignavibacterium album JCM 16511	0.581028415984	T02176: Melioribacter roseus P3M-2	0.552126963977	T04336: Bacteroidetes bacterium UKL13-3	0.53916991095	T03296: Flavobacterium psychrophilum FPG3	0.536053416866	T03660: Flavobacterium psychrophilum V4-24	0.535795239261	spearman correlation
bin_67_b	T02525: Blattabacterium sp. (Panesthia angustipennis spadica) BPAA	136.923090389	T01660: Blattabacterium sp. Cpu, endosymbiont of Cryptocercus punctulatus (brown-hooded cockroach)	137.181318276	T00730: Candidatus Amoebophilus asiaticus 5a2	137.196015621	T00996: Blattabacterium sp. BPLAN, endosymbiont of Periplaneta americana (American cockroach)	137.230529353	T02446: Blattabacterium sp. (Blatta orientalis) Tarazona	137.286819374	standardized euclidean dist
bin_68_a	T03649: Dehalococcoides mccartyi CG5	0.628563690662	T03647: Dehalococcoides mccartyi CG1	0.626215425042	T02938: Dehalococcoides mccartyi GY50	0.62568335372	T03938: Dehalogenimonas sp. WBC-2	0.625556149595	T01136: Dehalococcoides mccartyi VS	0.623979542512	spearman correlation
bin_68_b	T03938: Dehalogenimonas sp. WBC-2	146.388638602	T00655: Candidatus Desulforudis audaxviator MP104C	157.506272549	T02938: Dehalococcoides mccartyi GY50	158.582873171	T01182: Dehalococcoides mccartyi GT	158.824495451	T03649: Dehalococcoides mccartyi CG5	158.842154972	standardized euclidean dist
bin_69_a	T04207: Polynucleobacter duraquae	0.800968807139	T02483: Beta proteobacterium CB	0.791284290833	T00502: Polynucleobacter asymbioticus QLW-P1DMWA-1 (Polynucleobacter sp. QLW-P1DMWA-1) (Polynucleobacter necessarius subsp. asymbioticus QLW-P1DMWA-1)	0.786717305481	T00683: Polynucleobacter necessarius subsp. necessarius STIR1	0.745403320542	T04120: Limnohabitans sp. 103DPR2	0.668008138107	spearman correlation
bin_69_b	T04207: Polynucleobacter duraquae	76.0990271357	T02483: Beta proteobacterium CB	79.6032291044	T00502: Polynucleobacter asymbioticus QLW-P1DMWA-1 (Polynucleobacter sp. QLW-P1DMWA-1) (Polynucleobacter necessarius subsp. asymbioticus QLW-P1DMWA-1)	79.9121417393	T00683: Polynucleobacter necessarius subsp. necessarius STIR1	80.9158222142	T02466: Candidatus Kinetoplastibacterium galatii TCC219	85.8627223928	standardized euclidean dist
bin_6_a	T05319: Candidatus Planktophila vernalis MMS-IIA-15	0.87322751755	T05050: Candidatus Planktophila lacus	0.83034354045	T05051: Candidatus Planktophila dulcis	0.829143769078	T05067: Candidatus Planktophila limnetica	0.828968733126	T05158: Candidatus Planktophila sulfonica MMS-IA-56	0.827876416765	spearman correlation
bin_6_b	T05319: Candidatus Planktophila vernalis MMS-IIA-15	74.0273617265	T05050: Candidatus Planktophila lacus	75.6158180452	T05158: Candidatus Planktophila sulfonica MMS-IA-56	76.1435850931	T05051: Candidatus Planktophila dulcis	76.6590427972	T05067: Candidatus Planktophila limnetica	76.6874467367	standardized euclidean dist
bin_70_a	T04120: Limnohabitans sp. 103DPR2	0.856967060955	T04121: Limnohabitans sp. 63ED37-2	0.802729189248	T04455: Hydrogenophaga sp. RAC07	0.71131516961	T04207: Polynucleobacter duraquae	0.705613005413	T04491: Hydrogenophaga sp. PBC	0.703135806483	spearman correlation
bin_70_b	T04120: Limnohabitans sp. 103DPR2	82.050251705	T02483: Beta proteobacterium CB	88.858644766	T00683: Polynucleobacter necessarius subsp. necessarius STIR1	90.0772289536	T04207: Polynucleobacter duraquae	92.4530847543	T04758: Comamonas kerstersii 8943	92.5717921794	standardized euclidean dist
bin_71_a	T03844: Candidatus Methylopumilus turicensis (Methylophilaceae bacterium MMS-10A-171)	0.794026195029	T03869: Candidatus Methylopumilus planktonicus (Methylophilaceae bacterium MMS-2-53)	0.778151839596	T00942: Methylotenera mobilis JLW8	0.726273061775	T01247: Methylotenera versatilis 301	0.719586673365	T04002: Methylophilus sp. TWE2	0.698023176434	spearman correlation
bin_71_b	T03844: Candidatus Methylopumilus turicensis (Methylophilaceae bacterium MMS-10A-171)	73.7941007732	T03869: Candidatus Methylopumilus planktonicus (Methylophilaceae bacterium MMS-2-53)	75.0435671967	T03438: Neisseria meningitidis 510612 (serogroup A)	80.009846223	T02464: Candidatus Kinetoplastibacterium crithidii TCC036E	80.2128133951	T02466: Candidatus Kinetoplastibacterium galatii TCC219	80.2347154741	standardized euclidean dist
bin_72_a	T04336: Bacteroidetes bacterium UKL13-3	0.724145794401	T01677: Owenweeksia hongkongensis DSM 17368	0.645360546268	T04064: Hymenobacter sp. DG25A	0.644291172308	T03296: Flavobacterium psychrophilum FPG3	0.644278347872	T04326: Rufibacter sp. DG15C	0.644017821121	spearman correlation
bin_72_b	T00730: Candidatus Amoebophilus asiaticus 5a2	71.4295985762	T03660: Flavobacterium psychrophilum V4-24	71.4411451501	T03296: Flavobacterium psychrophilum FPG3	71.5302016997	T03659: Flavobacterium psychrophilum V3-5	71.5450676276	T03661: Flavobacterium psychrophilum v4-33	71.5493672458	standardized euclidean dist
bin_73_a	T03591: Sulfuritalea hydrogenivorans sk43H	0.898834743373	T01657: Dechlorosoma suillum PS	0.7463068279	T02857: Sulfuricella denitrificans skB26	0.727843810684	T04612: Thauera chlorobenzoica 3CB1	0.712609218774	T00259: Dechloromonas aromatica RCB	0.712069162728	spearman correlation
bin_73_b	T03591: Sulfuritalea hydrogenivorans sk43H	78.6627424469	T02857: Sulfuricella denitrificans skB26	114.985438775	T01196: Sideroxydans lithotrophicus ES-1	115.492987146	T04612: Thauera chlorobenzoica 3CB1	116.883172873	T04530: Endosymbiont of unidentified scaly snail isolate Monju	117.353903674	standardized euclidean dist
bin_74_a	T02147: Desulfomonile tiedjei DSM 6799	0.656780053588	T00418: Syntrophobacter fumaroxidans MPOB	0.550435420934	T01284: Desulfarculus baarsii DSM 2075	0.542614348601	T01454: Desulfobacca acetoxidans DSM 11109	0.539088178486	T04568: Desulfococcus multivorans DSM 2059	0.518636363726	spearman correlation
bin_74_b	T04224: Caldimicrobium thiodismutans	135.981198547	T00270: Ehrlichia canis Jake	136.98759105	T01284: Desulfarculus baarsii DSM 2075	136.991140965	T03615: Mycoplasma canadense	137.271847737	T02466: Candidatus Kinetoplastibacterium galatii TCC219	137.274168486	standardized euclidean dist
bin_75_a	T03963: Actinobacteria bacterium IMCC26256	0.624125846097	T05067: Candidatus Planktophila limnetica	0.613209437146	T05090: Candidatus Nanopelagicus hibericus MMS-21-160	0.593275287386	T05091: Candidatus Nanopelagicus abundans MMS-IIB-91	0.590816574653	T02501: Ilumatobacter coccineus YM16-304	0.590612829412	spearman correlation
bin_75_b	T05067: Candidatus Planktophila limnetica	72.3395493319	T05090: Candidatus Nanopelagicus hibericus MMS-21-160	72.9668401729	T05158: Candidatus Planktophila sulfonica MMS-IA-56	73.9723643035	T05073: Candidatus Nanopelagicus limnes	74.0094964089	T00117: Tropheryma whipplei TW08/27	74.077173129	standardized euclidean dist
bin_76_a	T03591: Sulfuritalea hydrogenivorans sk43H	0.571057277118	T04120: Limnohabitans sp. 103DPR2	0.550896413036	T04726: Betaproteobacteria bacterium GR16-43	0.550181119234	T04121: Limnohabitans sp. 63ED37-2	0.546687828263	T01544: Ramlibacter tataouinensis TTB310	0.53653334672	spearman correlation
bin_76_b	T00683: Polynucleobacter necessarius subsp. necessarius STIR1	128.742615596	T02466: Candidatus Kinetoplastibacterium galatii TCC219	130.048351402	T02483: Beta proteobacterium CB	130.14217309	T02427: Candidatus Kinetoplastibacterium blastocrithidii (ex Strigomonas culicis)	130.191158309	T02463: Candidatus Kinetoplastibacterium blastocrithidii TCC012E	130.201374575	standardized euclidean dist
bin_77_a	T02483: Beta proteobacterium CB	0.705984740564	T04207: Polynucleobacter duraquae	0.670187611479	T00502: Polynucleobacter asymbioticus QLW-P1DMWA-1 (Polynucleobacter sp. QLW-P1DMWA-1) (Polynucleobacter necessarius subsp. asymbioticus QLW-P1DMWA-1)	0.657059440141	T00490: Herminiimonas arsenicoxydans	0.650584840853	T00683: Polynucleobacter necessarius subsp. necessarius STIR1	0.642332742986	spearman correlation
bin_77_b	T02483: Beta proteobacterium CB	120.059735252	T00683: Polynucleobacter necessarius subsp. necessarius STIR1	121.876770155	T03869: Candidatus Methylopumilus planktonicus (Methylophilaceae bacterium MMS-2-53)	123.591349133	T00502: Polynucleobacter asymbioticus QLW-P1DMWA-1 (Polynucleobacter sp. QLW-P1DMWA-1) (Polynucleobacter necessarius subsp. asymbioticus QLW-P1DMWA-1)	124.429668909	T01634: Taylorella asinigenitalis MCE3	124.539298089	standardized euclidean dist
bin_78_a	T04396: Methylomonas sp. DH-1	0.769277365207	T05118: Methylomonas koyamae LM6	0.765307350003	T04191: Methylomonas denitrificans FJG1	0.7614588117	T01511: Methylomonas methanica MC09	0.760479623887	T04929: Methylovulum psychrotolerans HV10_M2	0.748508859779	spearman correlation
bin_78_b	T04929: Methylovulum psychrotolerans HV10_M2	92.0178979901	T04396: Methylomonas sp. DH-1	94.0792336403	T05118: Methylomonas koyamae LM6	95.8304627184	T05173: Candidatus Nitrosoglobus terrae TAO100	96.8539771763	T01295: Gallionella capsiferriformans ES-2	98.5193160427	standardized euclidean dist
bin_79_a	T04207: Polynucleobacter duraquae	0.727255460147	T04121: Limnohabitans sp. 63ED37-2	0.707351702255	T04120: Limnohabitans sp. 103DPR2	0.70732884929	T02483: Beta proteobacterium CB	0.699089544875	T00502: Polynucleobacter asymbioticus QLW-P1DMWA-1 (Polynucleobacter sp. QLW-P1DMWA-1) (Polynucleobacter necessarius subsp. asymbioticus QLW-P1DMWA-1)	0.688657160225	spearman correlation
bin_79_b	T04207: Polynucleobacter duraquae	72.8882959426	T02483: Beta proteobacterium CB	77.5969653431	T04120: Limnohabitans sp. 103DPR2	77.8087847567	T00683: Polynucleobacter necessarius subsp. necessarius STIR1	78.1116178762	T00502: Polynucleobacter asymbioticus QLW-P1DMWA-1 (Polynucleobacter sp. QLW-P1DMWA-1) (Polynucleobacter necessarius subsp. asymbioticus QLW-P1DMWA-1)	79.749151361	standardized euclidean dist
bin_7_a	T05319: Candidatus Planktophila vernalis MMS-IIA-15	0.780259323647	T05158: Candidatus Planktophila sulfonica MMS-IA-56	0.777901690071	T05067: Candidatus Planktophila limnetica	0.776741950969	T05050: Candidatus Planktophila lacus	0.773250901692	T05051: Candidatus Planktophila dulcis	0.771748533476	spearman correlation
bin_7_b	T05158: Candidatus Planktophila sulfonica MMS-IA-56	92.7147286487	T05067: Candidatus Planktophila limnetica	93.4343926619	T05051: Candidatus Planktophila dulcis	93.5649383277	T05073: Candidatus Nanopelagicus limnes	93.813186205	T05050: Candidatus Planktophila lacus	93.9402617537	standardized euclidean dist
bin_80_a	T04567: Lacunisphaera limnophila	0.78939776223	T00689: Opitutus terrae PB90-1	0.713195148904	T03830: Verrucomicrobia bacterium IMCC26134	0.710590784563	T01204: Coraliomargarita akajimensis DSM 45221	0.652621990561	T03683: Opitutaceae bacterium TAV5	0.645142949718	spearman correlation
bin_80_b	T04108: Candidatus Xiphinematobacter sp. Idaho Grape	65.9659286073	T00736: Akkermansia muciniphila ATCC BAA-835	66.2174643019	T02466: Candidatus Kinetoplastibacterium galatii TCC219	66.5060608475	T02463: Candidatus Kinetoplastibacterium blastocrithidii TCC012E	66.6995957654	T02465: Candidatus Kinetoplastibacterium desouzaii TCC079E	66.7078154335	standardized euclidean dist
bin_81_a	T04172: Salinivirga cyanobacteriivorans L21-Spi-D4 (Bacterium L21-Spi-D4)	0.629155865825	T04336: Bacteroidetes bacterium UKL13-3	0.597046231758	T04235: Lutibacter profundi LP1	0.588773828645	T02133: Alistipes finegoldii DSM 17242	0.57915319937	T02084: Solitalea canadensis DSM 3403	0.577014733703	spearman correlation
bin_81_b	T04172: Salinivirga cyanobacteriivorans L21-Spi-D4 (Bacterium L21-Spi-D4)	98.7653878705	T01582: Capnocytophaga canimorsus Cc5	107.536124661	T00792: Candidatus Azobacteroides pseudotrichonymphae genomovar. CFP2, endosymbiont of Coptotermes formosanus (Formosan subterranean termite)	107.846778848	T02331: Riemerella anatipestifer RA-CH-1	108.074754691	T04173: Prevotella enoeca F0113	108.211823412	standardized euclidean dist
bin_82_a	T05067: Candidatus Planktophila limnetica	0.783162420475	T05319: Candidatus Planktophila vernalis MMS-IIA-15	0.737354565182	T05051: Candidatus Planktophila dulcis	0.735877114325	T05158: Candidatus Planktophila sulfonica MMS-IA-56	0.735060677983	T05091: Candidatus Nanopelagicus abundans MMS-IIB-91	0.729243278452	spearman correlation
bin_82_b	T01958: Lactobacillus fermentum CECT 5716	72.7299099849	T05067: Candidatus Planktophila limnetica	73.8181365547	T05158: Candidatus Planktophila sulfonica MMS-IA-56	75.8415935652	T05051: Candidatus Planktophila dulcis	76.1064641665	T05090: Candidatus Nanopelagicus hibericus MMS-21-160	76.1232356876	standardized euclidean dist
bin_83_a	T04207: Polynucleobacter duraquae	0.765019862566	T00502: Polynucleobacter asymbioticus QLW-P1DMWA-1 (Polynucleobacter sp. QLW-P1DMWA-1) (Polynucleobacter necessarius subsp. asymbioticus QLW-P1DMWA-1)	0.711386685643	T02483: Beta proteobacterium CB	0.709063695312	T00683: Polynucleobacter necessarius subsp. necessarius STIR1	0.708412804219	T04120: Limnohabitans sp. 103DPR2	0.67196701776	spearman correlation
bin_83_b	T04207: Polynucleobacter duraquae	60.6557909147	T00683: Polynucleobacter necessarius subsp. necessarius STIR1	64.3095453523	T02466: Candidatus Kinetoplastibacterium galatii TCC219	66.8711633262	T02465: Candidatus Kinetoplastibacterium desouzaii TCC079E	66.9168046799	T02463: Candidatus Kinetoplastibacterium blastocrithidii TCC012E	67.1233156224	standardized euclidean dist
bin_84_a	T04488: Candidatus Campbellbacteria bacterium GW2011_OD1_34_28	0.722947257149	T04023: Candidatus Wolfebacteria bacterium GW2011_GWB1_47_1	0.663560381436	T04464: Candidatus Woesebacteria bacterium GW2011_GWF1_31_35	0.632493128514	T03988: Candidate division Kazan bacterium GW2011_GWA1_50_15	0.62632790838	T02942: Candidatus Saccharibacteria bacterium RAAC3_TM7_1	0.606995238366	spearman correlation
bin_84_b	T04488: Candidatus Campbellbacteria bacterium GW2011_OD1_34_28	67.5169499676	T02673: Candidatus Saccharimonas aalborgensis	70.2236238765	T04023: Candidatus Wolfebacteria bacterium GW2011_GWB1_47_1	71.176550308	T04494: Secondary endosymbiont of Trabutina mannipara	71.705284446	T03502: Candidatus Saccharibacteria oral taxon TM7x	71.8249954111	standardized euclidean dist
bin_85_a	T04120: Limnohabitans sp. 103DPR2	0.537462368068	T02483: Beta proteobacterium CB	0.537002313073	T03591: Sulfuritalea hydrogenivorans sk43H	0.535460675766	T04726: Betaproteobacteria bacterium GR16-43	0.531285338809	T01544: Ramlibacter tataouinensis TTB310	0.528588217968	spearman correlation
bin_85_b	T02483: Beta proteobacterium CB	108.794000838	T00683: Polynucleobacter necessarius subsp. necessarius STIR1	108.852376688	T02464: Candidatus Kinetoplastibacterium crithidii TCC036E	109.57813653	T02427: Candidatus Kinetoplastibacterium blastocrithidii (ex Strigomonas culicis)	109.956847531	T02465: Candidatus Kinetoplastibacterium desouzaii TCC079E	110.040079501	standardized euclidean dist
bin_86_a	T04336: Bacteroidetes bacterium UKL13-3	0.694831956919	T04392: Flavisolibacter tropicus LCS9	0.680207029765	T01781: Flavobacterium indicum GPTSA100-9	0.656196984443	T04064: Hymenobacter sp. DG25A	0.655987173097	T04326: Rufibacter sp. DG15C	0.653336716997	spearman correlation
bin_86_b	T03660: Flavobacterium psychrophilum V4-24	62.3774176173	T03659: Flavobacterium psychrophilum V3-5	62.4559032039	T03661: Flavobacterium psychrophilum v4-33	62.4575842578	T03412: Flavobacterium psychrophilum 950106-1/1	62.8981795345	T03296: Flavobacterium psychrophilum FPG3	63.0271887435	standardized euclidean dist
bin_87_a	T05091: Candidatus Nanopelagicus abundans MMS-IIB-91	0.687100524931	T05090: Candidatus Nanopelagicus hibericus MMS-21-160	0.683974377834	T05067: Candidatus Planktophila limnetica	0.681544009346	T05073: Candidatus Nanopelagicus limnes	0.675100205007	T05158: Candidatus Planktophila sulfonica MMS-IA-56	0.670595712947	spearman correlation
bin_87_b	T05090: Candidatus Nanopelagicus hibericus MMS-21-160	53.5764994769	T05073: Candidatus Nanopelagicus limnes	54.8419786094	T05319: Candidatus Planktophila vernalis MMS-IIA-15	55.8010493445	T05158: Candidatus Planktophila sulfonica MMS-IA-56	56.5063022229	T00117: Tropheryma whipplei TW08/27	56.6390942994	standardized euclidean dist
bin_8_a	T04120: Limnohabitans sp. 103DPR2	0.729367627225	T04121: Limnohabitans sp. 63ED37-2	0.710709038034	T04207: Polynucleobacter duraquae	0.681498539693	T00502: Polynucleobacter asymbioticus QLW-P1DMWA-1 (Polynucleobacter sp. QLW-P1DMWA-1) (Polynucleobacter necessarius subsp. asymbioticus QLW-P1DMWA-1)	0.648915252991	T02483: Beta proteobacterium CB	0.648055845749	spearman correlation
bin_8_b	T04120: Limnohabitans sp. 103DPR2	74.0407844611	T04207: Polynucleobacter duraquae	76.1205530723	T00683: Polynucleobacter necessarius subsp. necessarius STIR1	78.9241039487	T02466: Candidatus Kinetoplastibacterium galatii TCC219	80.9152166896	T02463: Candidatus Kinetoplastibacterium blastocrithidii TCC012E	81.1997587854	standardized euclidean dist
bin_9_a	T04296: Steroidobacter denitrificans DSM 18526	0.63484348092	T04427: Woeseia oceani XK5	0.612620129923	T04011: Wenzhouxiangella marina KCTC 42284	0.596332618232	T04377: Dokdonella koreensis DS-123	0.585552457621	T04241: Pseudoxanthomonas suwonensis J1	0.57573473254	spearman correlation
bin_9_b	T02466: Candidatus Kinetoplastibacterium galatii TCC219	91.7314492677	T02463: Candidatus Kinetoplastibacterium blastocrithidii TCC012E	91.8762742554	T02471: Candidatus Kinetoplastibacterium oncopeltii TCC290E	91.9739925017	T02465: Candidatus Kinetoplastibacterium desouzaii TCC079E	92.05633499	T02427: Candidatus Kinetoplastibacterium blastocrithidii (ex Strigomonas culicis)	92.3644852385	standardized euclidean dist
unbinned_a	T04120: Limnohabitans sp. 103DPR2	0.635617008338	T03591: Sulfuritalea hydrogenivorans sk43H	0.631250417202	T04121: Limnohabitans sp. 63ED37-2	0.625753653389	T00334: Rhodoferax ferrireducens T118 (DSM 15236)	0.624608825866	T04455: Hydrogenophaga sp. RAC07	0.62330724927	spearman correlation
unbinned_b	T05305: Paraburkholderia hospita DSM 17164	2409.0104894	T00340: Paraburkholderia xenovorans LB400 (Burkholderia xenovorans LB400)	2410.28555642	T03290: Paraburkholderia xenovorans LB400 (Burkholderia xenovorans LB400)	2410.63036215	T05318: Paraburkholderia terrae DSM 17804	2411.87845407	T01564: Cupriavidus necator N-1	2412.6394046	standardized euclidean dist
